{
  "name": "Bella Ciao",
  "notes":
  [
    { "key": "E", "delay": 0 },
    { "key": "A", "delay": 500 },
    { "key": "B", "delay": 500 },
    { "key": "c", "delay": 500 },
    { "key": "A", "delay": 500 },
    { "key": "E", "delay": 1500 },
    { "key": "A", "delay": 500 },
    { "key": "B", "delay": 500 },
    { "key": "c", "delay": 500 },
    { "key": "A", "delay": 500 },
    { "key": "E", "delay": 1500 },
    { "key": "A", "delay": 500 },
    { "key": "B", "delay": 500 },
    { "key": "c", "delay": 500 },
    { "key": "B", "delay": 1000 },
    { "key": "A", "delay": 500 },
    { "key": "c", "delay": 500 },
    { "key": "B", "delay": 1000 },
    { "key": "A", "delay": 500 },
    { "key": "E", "delay": 500 },
    { "key": "E", "delay": 1000 },
    { "key": "E", "delay": 1000 },
    { "key": "D", "delay": 500 },
    { "key": "E", "delay": 500 },
    { "key": "F", "delay": 500 },
    { "key": "F", "delay": 500 },
    { "key": "F", "delay": 1000 },
    { "key": "E", "delay": 500 },
    { "key": "D", "delay": 500 },
    { "key": "F", "delay": 500 },
    { "key": "E", "delay": 500 },
    { "key": "D", "delay": 1000 },
    { "key": "C", "delay": 500 },
    { "key": "B", "delay": 500 },
    { "key": "E", "delay": 800 },
    { "key": "B", "delay": 800 },
    { "key": "c", "delay": 800 },
    { "key": "A", "delay": 800 }
  ]
}